{
  "faithfulness": 0.119126,
  "answer_relevancy": 0.081426,
  "context_precision": 0.06806600000000002,
  "context_recall": 0.16126200000000004
}